insert into department (id, name) values (1, 'R&D');
insert into department (id, name) values (2, 'HR');
insert into personal_data (id, address, birthday, name, surname) values (1, 'Łyczakowska 7, 00-150 Kraków', '1990-10-10', 'Jan', 'Kowalski');
insert into personal_data (id, address, birthday, name, surname) values (2, 'Piłsudskiego 4, 00-151 Kraków', '1970-4-21', 'Marian', 'Wrona');
insert into personal_data (id, address, birthday, name, surname) values (3, 'Bonczyka 73, 08-152 Nowy Targ', '1994-12-1', 'Andrzej', 'Kowal');
insert into personal_data (id, address, birthday, name, surname) values (4, 'Łyczakowska 7a, 00-150 Kraków', '1990-10-10', 'Janina', 'Warszawiak');
insert into personal_data (id, address, birthday, name, surname) values (5, 'Łyczakowska 12, 00-150 Kraków', '1990-10-12', 'Witold', 'Kowalski');
insert into salary (id, amount) values (1, 1000.0);
insert into salary (id, amount) values (2, 1500.5);
insert into salary (id, amount) values (3, 1800.8);
insert into salary (id, amount) values (4, 300.0);
insert into salary (id, amount) values (5, 340.0);
insert into employee (id, department_id, personal_data_id, salary_id) values (1, 1, 1, 1);
insert into employee (id, department_id, personal_data_id, salary_id) values (2, 2, 2, 2);
insert into employee (id, department_id, personal_data_id, salary_id) values (3, 1, 3, 3);
insert into employee (id, department_id, personal_data_id, salary_id) values (4, 2, 4, 4);
insert into employee (id, department_id, personal_data_id, salary_id) values (5, 1, 5, 5);
insert into leader (id, employee_id) values (1,1);
insert into leader (id, employee_id) values (2,2);
insert into project (id, name, leader_id) values (1, 'ABC', 1);
insert into project (id, name, leader_id) values (2, 'TTF', 2);
insert into project (id, name, leader_id) values (3, 'OaM', 2);
insert into project_employee (project_id, employee_id) values (1,1);
insert into project_employee (project_id, employee_id) values (1,2);
insert into project_employee (project_id, employee_id) values (1,3);
insert into project_employee (project_id, employee_id) values (3,4);
insert into project_employee (project_id, employee_id) values (2,5);
insert into project_employee (project_id, employee_id) values (2,4);